model,accuracy,precision_macro,recall_macro,f1_macro,roc_auc
logistic_regression,0.9466666666666667,0.921727395411606,0.9257575757575758,0.9199781061850026,0.9856246076585059
